# id	sourceId	typed	canonical	expected	stratum	syllables	operation	zone	editOffset
93d990734c230ed5cb326f1aa71f811def35996650984e37a09e9e3abb05ddc3	93d990734c230ed5cb326f1aa71f811def35996650984e37a09e9e3abb05ddc3	zhinengti	zhinengti	智能体	short-word	zhi neng ti	clean	none	-1
4b9cc54798a657831ea0813a72e7423dd01f93f789c6ef925ac087632fc26ba3	4b9cc54798a657831ea0813a72e7423dd01f93f789c6ef925ac087632fc26ba3	shurufa	shurufa	输入法	short-word	shu ru fa	clean	none	-1
eb62b5ee40d96caa7804acb9b3c7398661a2f20183986b74508eb55d3d0dd30c	eb62b5ee40d96caa7804acb9b3c7398661a2f20183986b74508eb55d3d0dd30c	shangxiawen	shangxiawen	上下文	short-word	shang xia wen	clean	none	-1
ba8cf9d16206aa32a21c59b71a804bea11c8865e144e6067bb8b6d3a718af0c2	ba8cf9d16206aa32a21c59b71a804bea11c8865e144e6067bb8b6d3a718af0c2	jisuanji	jisuanji	计算机	short-word	ji suan ji	clean	none	-1
6e07b4f66f2f22ca06c1c01342bee52a35cbab5c8861ef8647271458cbda6ca6	6e07b4f66f2f22ca06c1c01342bee52a35cbab5c8861ef8647271458cbda6ca6	kuahuihua	kuahuihua	跨会话	short-word	kua hui hua	clean	none	-1
31067a12f01fcff782a982d7e47c0cee03fb75a8ca9e540c59f46d9ba28fbd07	31067a12f01fcff782a982d7e47c0cee03fb75a8ca9e540c59f46d9ba28fbd07	houxuanci	houxuanci	候选词	short-word	hou xuan ci	clean	none	-1
956bd2b396fbfc05f679e5d2bc0a52f54be36a21d0b3b895dfba04878c3c1e03	956bd2b396fbfc05f679e5d2bc0a52f54be36a21d0b3b895dfba04878c3c1e03	ciku	ciku	词库	short-word	ci ku	clean	none	-1
947a96a1661cfeab716ac3f3c84629f76ba7eec4459c57b37180d5470e687060	947a96a1661cfeab716ac3f3c84629f76ba7eec4459c57b37180d5470e687060	suanfa	suanfa	算法	short-word	suan fa	clean	none	-1
409fb2c961572d12ac921f4c0f7d0bf39347d8882e8369d93d90b8aab6ad9375	409fb2c961572d12ac921f4c0f7d0bf39347d8882e8369d93d90b8aab6ad9375	yuyanmoxing	yuyanmoxing	语言模型	short-word	yu yan mo xing	clean	none	-1
