daily	晚点联系	wan dian lian xi
daily	临时改期	lin shi gai qi
daily	取件通知	qu jian tong zhi
daily	送货上门	song huo shang men
daily	预约时间	yu yue shi jian
daily	电梯维修	dian ti wei xiu
daily	免密支付	mian mi zhi fu
daily	续费提醒	xu fei ti xing
daily	退货运费	tui huo yun fei
daily	快递柜	kuai di gui
daily	周末加班	zhou mo jia ban
daily	余额不足	yu e bu zu
daily	充电插座	chong dian cha zuo
daily	合同附件	he tong fu jian
daily	通勤时间	tong qin shi jian
daily	视频通话	shi pin tong hua
daily	公共卫生	gong gong wei sheng
daily	临时停车	lin shi ting che
daily	换乘路线	huan cheng lu xian
daily	天气预报	tian qi yu bao
daily	剩余电量	sheng yu dian liang
daily	访客记录	fang ke ji lu
daily	餐后散步	can hou san bu
daily	外卖订单	wai mai ding dan
software	候选词栏	hou xuan ci lan
software	选词记忆	xuan ci ji yi
software	云端同步	yun duan tong bu
software	离线词库	li xian ci ku
software	光标定位	guang biao ding wei
software	权限管理	quan xian guan li
software	剪贴板	jian tie ban
software	会话归档	hui hua gui dang
software	增量更新	zeng liang geng xin
software	页面缩放	ye mian suo fang
software	后台任务	hou tai ren wu
software	备份恢复	bei fen hui fu
software	数据库索引	shu ju ku suo yin
software	资源占用	zi yuan zhan yong
software	字体大小	zi ti da xiao
software	触摸反馈	chu mo fan kui
software	误触纠正	wu chu jiu zheng
software	蓝牙设备	lan ya she bei
software	网络延迟	wang luo yan chi
software	麦克风	mai ke feng
software	连接超时	lian jie chao shi
software	实时字幕	shi shi zi mu
software	快捷指令	kuai jie zhi ling
software	滚动列表	gun dong lie biao
ai	多模态	duo mo tai
ai	具身智能	ju shen zhi neng
ai	推理模型	tui li mo xing
ai	向量检索	xiang liang jian suo
ai	模型蒸馏	mo xing zheng liu
ai	函数调用	han shu diao yong
ai	结构化输出	jie gou hua shu chu
ai	上下文窗口	shang xia wen chuang kou
ai	长期记忆	chang qi ji yi
ai	检索增强	jian suo zeng qiang
ai	强化学习	qiang hua xue xi
ai	任务规划	ren wu gui hua
ai	工具编排	gong ju bian pai
ai	知识图谱	zhi shi tu pu
ai	数据标注	shu ju biao zhu
ai	模型微调	mo xing wei tiao
ai	参数高效	can shu gao xiao
ai	思维链	si wei lian
ai	智能助手	zhi neng zhu shou
ai	本地部署	ben di bu shu
ai	语音交互	yu yin jiao hu
ai	视觉理解	shi jue li jie
ai	嵌入向量	qian ru xiang liang
ai	对齐训练	dui qi xun lian
